,freq_thz,freq_kayser,real_diel,imag_diel,alphan
0,0.0,0.0,29.783244782054048,0.0,0.0
1,4.132231404958678,137.60330578512398,30.24374041714195,1.0622559939044076,918.8660663525731
2,8.264462809917356,275.20661157024796,32.42763828976855,2.3146031420952644,4004.3271989967666
3,12.396694214876035,412.80991735537197,30.209881652280988,8.773100719327132,22766.55889147703
4,16.528925619834713,550.4132231404959,26.952107747654715,7.631010932186791,26403.718266739972
5,20.66115702479339,688.0165289256198,26.633442592606116,6.305755519250901,27272.8269014433
6,24.79338842975207,825.6198347107439,32.57108048044078,10.255622590848994,53227.52881862124
7,28.925619834710748,963.2231404958678,25.27988960732198,19.176771701648082,116117.20165350549
8,33.057851239669425,1100.8264462809918,15.183194780898095,14.339594371795883,99231.57317341947
9,37.190082644628106,1238.4297520661157,21.144225411100425,6.323554430943318,49229.655156600056
10,41.32231404958678,1376.0330578512396,22.533323532083546,19.2654958875344,166649.19307674386
11,45.45454545454546,1513.6363636363637,9.064057559952445,11.873228953955508,112975.57247097063
12,49.58677685950414,1651.2396694214879,14.481173379739763,5.0164336602793735,52071.410556288385
13,53.719008264462815,1788.8429752066115,19.102286101401408,5.468310974941317,61492.13608735662
14,57.851239669421496,1926.4462809917356,19.202531821550426,8.08159159716936,97869.63267536229
15,61.98347107438017,2064.0495867768595,21.553287870412777,8.989664595449216,116642.75549467166
16,66.11570247933885,2201.6528925619837,19.584739557758763,9.38549782581982,129897.35833861925
17,70.24793388429752,2339.2561983471073,25.73109281910844,14.188128437335703,208639.75096004957
18,74.38016528925621,2476.8595041322315,18.333669509616563,22.719301816286837,353745.162164334
19,78.51239669421489,2614.4628099173556,6.995214762994369,17.935874542038295,294780.79206005647
20,82.64462809917356,2752.0661157024792,9.431956130563112,10.583187520158612,183092.05957739966
21,86.77685950413225,2889.6694214876034,15.378846369515818,11.209255863951869,203619.37511542323
22,90.90909090909092,3027.2727272727275,9.98841243090066,19.62305661905077,373432.71384132997
23,95.0413223140496,3164.876033057851,4.050657758060854,8.501166154788036,169133.39385641654
24,99.17355371900828,3302.4793388429757,9.475516051850754,8.357635043460794,173507.26635680595
25,103.30578512396696,3440.0826446280994,14.020269376659925,7.528806887116191,162813.04149824273
26,107.43801652892563,3577.685950413223,8.159001649424283,14.148381413675533,318202.16490701673
27,111.5702479338843,3715.289256198347,10.590361764998555,9.214946464005525,215218.50171305472
28,115.70247933884299,3852.8925619834713,6.056126817328053,9.695055558238801,234817.98476042852
29,119.83471074380166,3990.495867768595,10.890839350315513,5.590222630779757,140232.96770215008
30,123.96694214876034,4128.099173553719,12.995135051978686,10.84797623784811,281509.46600696753
31,128.09917355371903,4265.702479338844,12.798556409335184,12.73189462960801,341411.19097687164
32,132.2314049586777,4403.305785123967,2.1291046673923972,16.86740490905183,466897.2025513852
33,136.36363636363637,4540.909090909091,3.501211895885067,4.987813638784919,142379.40750713318
34,140.49586776859505,4678.512396694215,7.135877131979889,7.9730296181643725,234490.53499593074
35,144.62809917355372,4816.115702479338,6.0994904744240515,6.349850868108141,192244.7962548443
36,148.76033057851242,4953.719008264463,7.411547252973701,7.518983890291347,234144.88676543636
37,152.8925619834711,5091.3223140495875,7.478193043559667,5.14964553380133,164817.0297843082
38,157.02479338842977,5228.925619834711,8.399900186576062,8.27343092996251,271952.0051138091
39,161.15702479338844,5366.528925619835,5.302672969745782,6.724025726643348,226838.6199682492
40,165.28925619834712,5504.1322314049585,9.354440145289384,3.720887793167929,128744.76771952945
41,169.4214876033058,5641.735537190082,7.627047537771066,8.645896367174087,306631.5973305763
42,173.5537190082645,5779.338842975207,8.514692917292297,9.13097858712488,331733.7344545535
43,177.68595041322317,5916.942148760331,3.893870521786056,6.105798668799864,227108.7978681427
44,181.81818181818184,6054.545454545455,4.165770746280021,4.712649636775424,179366.3013269677
45,185.95041322314052,6192.148760330579,7.753598539893638,1.330499669811355,51790.52433728499
46,190.0826446280992,6329.752066115702,9.200089695622033,5.0807515490348205,202166.32334506596
47,194.21487603305786,6467.355371900826,9.246255005872797,2.707369538227811,110069.86128144915
48,198.34710743801656,6604.958677685951,11.986274273384826,5.266345486767274,218662.14649189086
49,202.47933884297524,6742.561983471075,8.718582048755195,7.5995063493259,322110.20575958217
50,206.6115702479339,6880.165289256199,12.681502154041443,5.602501741151658,242312.0587770828
51,210.74380165289259,7017.768595041322,10.973029592005428,8.48964715518752,374526.74805281806
52,214.87603305785126,7155.371900826446,9.45646460307486,16.1653519463737,727129.1090368866
53,219.00826446280993,7292.97520661157,1.052998384617876,8.54263866468742,391643.5059441544
54,223.1404958677686,7430.578512396694,3.6846826684456744,6.473222956371237,302369.05908603506
55,227.2727272727273,7568.181818181819,6.02449120280756,4.6084867612721245,219252.2489453708
56,231.40495867768598,7705.785123966943,5.595265775387652,5.641720595582472,273289.2973904193
57,235.53719008264466,7843.388429752066,8.45642919186756,7.648625622498601,377121.491436584
58,239.66942148760333,7980.99173553719,1.6263677694829577,6.6739208431196975,334835.94048180705
59,243.801652892562,8118.595041322314,5.449302354879901,1.96666460791295,100370.3265184444
60,247.93388429752068,8256.198347107438,8.588769362181914,3.1003354074439367,160909.96990700765
61,252.06611570247938,8393.801652892562,10.456092876972285,8.6157176076875,454615.57867120224
62,256.19834710743805,8531.404958677687,2.7975202394228234,8.835997357463796,473882.08417384356
63,260.3305785123967,8669.00826446281,3.9348308077909877,2.748494108324262,149781.57149000152
64,264.4628099173554,8806.611570247935,6.900032831992714,5.76604427685441,319213.29418089875
65,268.5950413223141,8944.214876033058,6.210487499202863,3.4926500901823174,196377.37834881849
66,272.72727272727275,9081.818181818182,7.865715542942649,8.319811498701085,474985.6019258438
67,276.85950413223145,9219.421487603306,1.1109865017129013,5.987233659588592,346995.65214993065
68,280.9917355371901,9357.02479338843,3.783917007244817,2.683754226969963,157860.9373395665
69,285.1239669421488,9494.628099173555,4.959289035385407,2.6302564342420744,156989.3551082336
70,289.25619834710744,9632.231404958677,5.456788421644646,1.490831164963068,90271.26447903093
71,293.38842975206614,9769.834710743802,7.3801751047243584,1.9138771321801369,117542.63577086496
72,297.52066115702485,9907.438016528926,7.925320924317685,2.3901253012291552,148859.3741327514
73,301.6528925619835,10045.04132231405,8.990821030558592,4.1929891685511125,264770.51713919727
74,305.7851239669422,10182.644628099175,6.806501635465441,4.215089030576311,269812.14521892887
75,309.91735537190084,10320.247933884297,8.457384414229185,4.631109664482828,300448.02368752233
76,314.04958677685954,10457.851239669422,5.9703478534989,4.195037881389683,275786.18182226835
77,318.18181818181824,10595.454545454546,8.691336803884589,2.4739391308311403,164779.33968384386
78,322.3140495867769,10733.05785123967,8.559041358376234,7.336663576803283,495012.57389274385
79,326.4462809917356,10870.661157024795,6.585917391111902,2.636357735956774,180158.37465053375
80,330.57851239669424,11008.264462809917,8.684720973358285,8.13702631512154,563091.1874265926
81,334.71074380165294,11145.867768595042,5.094612206726996,3.7897410246722756,265532.43311712035
82,338.8429752066116,11283.471074380164,8.264703994397646,3.0299261955988572,214916.0872845162
83,342.9752066115703,11421.07438016529,9.334369935371623,8.46597200249309,607824.1386473138
84,347.107438016529,11558.677685950413,5.543626820909541,7.43491000259017,540229.1631634115
85,351.23966942148763,11696.280991735537,2.947322383749441,5.921611595700266,435393.4255901932
86,355.37190082644634,11833.884297520663,5.606323738343242,2.8216767466488,209907.87566530087
87,359.504132231405,11971.487603305784,7.8732015093210315,4.619703643344457,347661.3336883854
88,363.6363636363637,12109.09090909091,4.676328589438484,6.428844328839216,489371.4228498216
89,367.7685950413223,12246.694214876032,6.543253808969254,4.742324238725434,365093.6451113525
90,371.90082644628103,12384.297520661157,3.90817023934974,4.294166206938076,334306.1625566668
91,376.03305785123973,12521.900826446283,6.691093194651671,4.890608813770171,384970.4028778758
92,380.1652892561984,12659.504132231405,4.8535380360164275,5.427843849853893,431954.6918307969
93,384.2975206611571,12797.10743801653,3.339176997143035,3.686733520970855,296584.00076967204
94,388.4297520661157,12934.710743801652,5.281965933121597,1.1844279930970252,96307.37367562478
95,392.5619834710744,13072.314049586777,8.545133960444925,3.0784126877049927,252972.5908381266
96,396.69421487603313,13209.917355371903,6.925050685834066,5.310218511888329,440967.5670037516
97,400.8264462809918,13347.520661157025,6.924750766486696,5.04650133372646,423433.43697697116
98,404.9586776859505,13485.12396694215,5.909145431559434,5.54428698468109,469996.6917151695
99,409.0909090909091,13622.727272727272,4.290154949787013,6.483096781298125,555188.833452985
100,413.2231404958678,13760.330578512398,4.700247942555233,3.988687708305632,345026.9808286415
101,417.35537190082647,13897.93388429752,3.768735170363236,4.938685990707065,431475.1722018839
102,421.48760330578517,14035.537190082645,4.0157196202065535,1.5708463716374992,138597.98234381774
103,425.6198347107439,14173.14049586777,6.340319305789212,4.595497089707594,409442.3329898706
104,429.7520661157025,14310.743801652892,4.522979869441674,3.1966263073730175,287573.08180047735
105,433.8842975206612,14448.347107438018,4.928245329635931,3.8657683530616005,351114.00165410753
106,438.01652892561987,14585.95041322314,3.925492928463278,2.8602952802340456,262264.65043336083
107,442.14876033057857,14723.553719008265,5.652811070118105,2.805821206617067,259696.9170796701
108,446.2809917355372,14861.157024793389,4.753049605034896,1.2845826575579806,120007.62281847453
109,450.4132231404959,14998.760330578512,8.398940612775593,4.210127401298627,396958.18302161666
110,454.5454545454546,15136.363636363638,3.9009821020313318,3.5928042159651166,341860.76479183236
111,458.67768595041326,15273.96694214876,5.35675877659105,3.215976468041335,308786.89756780356
112,462.80991735537197,15411.570247933885,4.7180920329029306,3.580513790910058,346885.69972100534
113,466.9421487603306,15549.173553719009,4.879577880518319,2.4816066079843675,242568.50045317176
114,471.0743801652893,15686.776859504133,5.08405225570101,2.2586087299300797,222724.9534340968
115,475.20661157024796,15824.380165289256,5.834381339046644,2.400078249388297,238751.58563474214
116,479.33884297520666,15961.98347107438,3.9028232943094245,2.995271025559975,300550.28053718054
117,483.47107438016536,16099.586776859505,4.787759584249034,0.624285554994563,63181.82567325141
118,487.603305785124,16237.190082644627,6.060552996151092,0.9125459292026425,93145.04619508627
119,491.7355371900827,16374.793388429753,6.774380640925134,-0.026112571732404413,-2687.9403728733428
120,495.86776859504135,16512.396694214876,9.036024713506432,2.4018268322182434,249313.59514595987
121,500.00000000000006,16650.0,7.427752312607332,3.5645220578589054,373086.64205589885
122,504.13223140495876,16787.603305785124,6.546739569600447,3.6407586441415707,384215.37779552425
123,508.2644628099174,16925.206611570247,5.523072232575423,2.659837241527044,282997.88964809227
124,512.3966942148761,17062.809917355375,7.538932967858354,3.932895158210296,421849.05201122904
125,516.5289256198348,17200.4132231405,3.7873203069580477,3.4967983722482456,378097.3446576961
126,520.6611570247934,17338.01652892562,5.768741692670286,0.2984566899219521,32529.312617278556
127,524.7933884297521,17475.619834710742,8.43651680779583,2.871646732764826,315469.77523194416
128,528.9256198347108,17613.22314049587,4.828926640459478,3.4970801796297786,387202.88313961466
129,533.0578512396695,17750.826446280993,5.873062253426902,1.2222930123706977,136391.73762834017
130,537.1900826446282,17888.429752066117,7.667377546171469,2.465659376229714,277267.81194957835
131,541.3223140495868,18026.03305785124,7.093092693049147,2.773774192314186,314315.2276216301
132,545.4545454545455,18163.636363636364,5.444779356703318,4.117338545685175,470125.2012164165
133,549.5867768595042,18301.239669421488,5.428804056810684,1.839127260596745,211585.7648954305
134,553.7190082644629,18438.84297520661,5.3640961873158695,1.5061662152465618,174582.50598543897
135,557.8512396694216,18576.44628099174,7.191788039977151,0.8173567704225626,95448.35674438688
136,561.9834710743802,18714.04958677686,8.219453994336114,2.156522441097312,253697.3397372441
137,566.1157024793389,18851.652892561982,6.400650569829594,4.021008106366733,476517.15349775244
138,570.2479338842976,18989.25619834711,6.080030632275854,1.1416599055455203,136282.1130223099
139,574.3801652892563,19126.859504132233,6.9192965261990445,2.5296125418953705,304152.80717235635
140,578.5123966942149,19264.462809917353,7.09735159993965,2.097374342998785,253996.0774606793
141,582.6446280991736,19402.06611570248,7.214362637119937,2.3216221298817032,283161.15200656356
142,586.7768595041323,19539.669421487604,5.841532102619151,2.558202917076255,314229.0679520553
143,590.909090909091,19677.272727272728,7.079315184347873,1.2497252317394678,154587.22412001542
144,595.0413223140497,19814.87603305785,8.083463369708163,0.7697908879258281,95886.67985800066
145,599.1735537190083,19952.479338842975,9.790273042471807,3.9473136175506234,495099.69423437986
146,603.305785123967,20090.0826446281,5.510130029730785,3.3832491440487558,427277.33818118786
147,607.4380165289257,20227.685950413223,7.161473699234868,2.326580021089442,295840.9934254724
148,611.5702479338844,20365.28925619835,7.760000878141128,1.54844466699958,198235.0428782493
149,615.7024793388431,20502.892561983474,8.979164797012245,2.1718023866673337,279917.20788599976
150,619.8347107438017,20640.495867768594,9.386242859326128,5.131896292306819,665874.1470183228
151,623.9669421487604,20778.099173553717,6.890998784210929,5.423513361385652,708403.4780075463
152,628.0991735537191,20915.702479338845,5.6132010179549745,3.5643125085482343,468643.2710963916
153,632.2314049586778,21053.30578512397,6.349023878311254,3.857253441494161,510496.3356370868
154,636.3636363636365,21190.909090909092,7.552329019876584,3.6610396603793123,487694.859000832
155,640.4958677685951,21328.512396694216,4.979283149517517,4.193127148508225,562202.4747049458
156,644.6280991735538,21466.11570247934,5.535309666661814,2.7431742086945787,370169.82214516605
157,648.7603305785125,21603.719008264463,5.703919891381858,3.2765406994408646,444977.69531965774
158,652.8925619834712,21741.32231404959,5.422118359004749,1.703862837827146,232870.642177081
159,657.0247933884298,21878.92561983471,7.335327848779176,1.8586880158193533,255638.72693607994
160,661.1570247933885,22016.528925619834,6.747415752835714,4.3378913839585715,600373.7276310707
161,665.2892561983472,22154.132231404958,5.509979502634792,2.1438735953380856,298571.3105749906
162,669.4214876033059,22291.735537190085,5.623667246053206,3.340777946335427,468150.6682484588
163,673.5537190082646,22429.33884297521,6.720810652982308,0.8723268637621411,122995.68468615403
164,677.6859504132232,22566.94214876033,5.935306738880659,3.102633907726952,440146.6548548406
165,681.8181818181819,22704.545454545456,6.624489568780739,2.996726034692819,427714.5340425206
166,685.9504132231406,22842.14876033058,4.855112840241727,1.2282762226775914,176370.99126955037
167,690.0826446280993,22979.752066115703,8.200299982747651,1.510111212701393,218146.5889025776
168,694.214876033058,23117.355371900827,5.093382951794265,4.149509413865216,603016.3101934376
169,698.3471074380166,23254.95867768595,5.815311319258171,0.4515345528244001,66008.6296974645
170,702.4793388429753,23392.561983471074,6.686670655390209,2.1151932571633902,311044.12139774597
171,706.611570247934,23530.165289256198,6.016619649308911,1.2296788628339723,181890.84534712762
172,710.7438016528927,23667.768595041325,6.812853613534301,0.8479079174980099,126153.74878300972
173,714.8760330578514,23805.37190082645,7.5489733623368345,2.1946719089198754,328426.9075381419
174,719.00826446281,23942.97520661157,5.7319697191983465,1.4685316684419611,221032.22103855366
175,723.1404958677687,24080.578512396696,7.229203266933098,0.44930271005704,68014.28076483293
176,727.2727272727274,24218.18181818182,6.532559946763783,1.2040564047323694,183308.46598107347
177,731.4049586776861,24355.785123966944,7.853405713830593,-0.9574884256131504,-146598.5997761093
178,735.5371900826447,24493.388429752064,11.099891090666098,0.4414320299772452,67968.37195451291
179,739.6694214876034,24630.99173553719,10.13381506179407,3.431976034957471,531398.4711317344
180,743.8016528925621,24768.595041322315,8.757519246228156,6.77369027519448,1054680.37012119
181,747.9338842975208,24906.198347107438,5.121086584551513,2.711074024632272,424466.0636803046
182,752.0661157024795,25043.801652892565,6.021839325608614,3.266074978591883,514186.371560796
183,756.198347107438,25181.404958677685,5.4480873096205755,0.17282351457341485,27357.53386891892
184,760.3305785123968,25319.00826446281,9.208655363311674,0.3492292348958196,55584.210124905985
185,764.4628099173555,25456.611570247933,9.444886054824284,5.192286238774573,830908.8363923277
186,768.5950413223142,25594.21487603306,4.468252444381964,1.768333265239831,284511.6694850334
187,772.7272727272729,25731.818181818184,8.25385373166802,0.6111398502849315,98856.50063093833
188,776.8595041322315,25869.421487603304,9.414674055798162,4.112457254211191,668778.4480181681
189,780.9917355371902,26007.02479338843,5.896719490950179,1.7973859491320316,293850.3210390897
190,785.1239669421489,26144.628099173555,9.073304877171946,4.0022839660127785,657785.844111081
191,789.2561983471076,26282.23140495868,6.946424102220018,3.415493040699947,564299.6683827512
192,793.3884297520663,26419.834710743806,4.0088323359870515,4.969318370078729,825317.5369016706
193,797.5206611570248,26557.438016528926,5.3583919284401595,0.1752285958659482,29254.00376492615
194,801.6528925619835,26695.04132231405,6.381063325889805,1.2088215840156393,202855.5801980625
195,805.7851239669423,26832.644628099173,7.093095243347683,0.6056855404306978,102165.63537347557
196,809.917355371901,26970.2479338843,7.095851648714454,2.1396980487158705,362770.1837745718
197,814.0495867768595,27107.85123966942,7.058209739378697,0.45221130099467094,77060.29382073927
198,818.1818181818182,27245.454545454544,8.296993497126117,0.9956364284113812,170525.36646609477
199,822.314049586777,27383.05785123967,8.98406212294595,3.3863974974336895,582926.8154948802
200,826.4462809917356,27520.661157024795,6.19413147706614,3.48761207450257,603366.4966357065
201,830.5785123966944,27658.26446280992,5.314842692245566,2.216202538586212,385326.19013865065
202,834.7107438016529,27795.86776859504,6.495457034887899,0.8968186956913202,156703.62597881287
203,838.8429752066116,27933.471074380166,5.5293436832647735,1.2767049982329017,224186.58401477034
204,842.9752066115703,28071.07438016529,7.559964272631618,0.44767802056076583,78998.52144639233
205,847.107438016529,28208.677685950413,5.782249822099356,0.9791321350766141,173627.3706195087
206,851.2396694214877,28346.28099173554,7.205057335617433,-0.04964170144977137,-8845.7956379532
207,855.3719008264463,28483.88429752066,6.948463284668438,-0.2085455231550049,-37341.7132617879
208,859.504132231405,28621.487603305784,8.496820615383296,-0.40016226340942307,-71998.34090301995
209,863.6363636363637,28759.09090909091,8.711562057859492,1.1436011181636672,206749.22033225573
210,867.7685950413224,28896.694214876035,7.287994287578876,0.7622133616717045,138458.2618970584
211,871.900826446281,29034.297520661155,7.972026626184682,0.4672900339093471,85288.79864085367
212,876.0330578512397,29171.90082644628,8.133073527093831,0.14986517708933586,27482.71379747358
213,880.1652892561984,29309.504132231406,9.042805194718973,0.13226258916648007,24369.108784111628
214,884.2975206611571,29447.10743801653,7.659394411322555,1.4496408692670069,268347.29435610416
215,888.4297520661158,29584.710743801654,7.981252206165269,-0.9878230870073044,-183713.32397758437
216,892.5619834710744,29722.314049586777,11.001071064253047,0.06665408839993732,12453.848186328787
217,896.6942148760331,29859.9173553719,8.139378165272447,2.5367221187826017,476163.00751958374
218,900.8264462809918,29997.520661157025,8.207564391342817,-0.5692407947186277,-107343.44595063222
219,904.9586776859505,30135.12396694215,10.102448038163981,-0.5554619685609928,-105225.61358144693
220,909.0909090909092,30272.727272727276,10.804053243713788,2.054041498784612,390890.3215868899
221,913.2231404958678,30410.330578512396,7.924468571225912,0.38497534330643896,73594.9833978155
222,917.3553719008265,30547.93388429752,12.871775139794035,-0.891060210294825,-171113.01691248393
223,921.4876033057852,30685.537190082647,11.846618448193844,5.160248369929713,995401.9596672686
224,925.6198347107439,30823.14049586777,8.754333321105225,4.703386215296797,911342.6249011448
225,929.7520661157026,30960.743801652894,7.395994045911419,3.0762223063349636,598719.3001172595
226,933.8842975206612,31098.347107438018,6.893486496625236,2.110431904776621,412574.90272883786
227,938.0165289256199,31235.95041322314,8.516069729389173,0.1074116698506385,21091.154279927858
228,942.1487603305786,31373.553719008265,8.553129920951669,2.907877553807776,573500.7433394113
229,946.2809917355373,31511.15702479339,8.33134603129082,0.40581148077852514,80386.44720898246
230,950.4132231404959,31648.760330578512,8.881715261080956,0.9686734788725324,192720.6574219678
231,954.5454545454546,31786.363636363636,8.491347419486807,1.765209744176394,352721.00160906505
232,958.6776859504133,31923.96694214876,9.094591160902144,0.30943839158275344,62099.085261764245
233,962.809917355372,32061.570247933887,10.99112207249378,0.7301585562354439,147162.14956280318
234,966.9421487603307,32199.17355371901,9.784859229593536,3.516351722916345,711756.0859311334
235,971.0743801652893,32336.77685950413,8.647798364731372,3.258518329015115,662385.860876103
236,975.206611570248,32474.380165289254,7.246831999936628,2.1978572564314964,448677.72487768484
237,979.3388429752067,32611.98347107438,7.719137172218893,0.7307396899312172,149807.67560689073
238,983.4710743801654,32749.586776859505,8.577035741845506,0.6902401445356792,142102.00132628204
239,987.6033057851241,32887.19008264463,9.504168392407326,-0.021708922233547815,-4488.065503963718
240,991.7355371900827,33024.79338842975,10.636407544727554,0.8100141788120895,168161.62125421234
241,995.8677685950414,33162.396694214876,11.380747693797513,3.5778496634941632,745868.30698418
242,1000.0000000000001,33300.0,8.512109677434733,4.435161528627879,928427.1466594363
243,1004.1322314049588,33437.603305785124,6.207525794971275,2.5946055063575977,545381.7888322244
244,1008.2644628099175,33575.20661157025,7.342318709644093,0.7987056934494658,168577.50801466746
245,1012.3966942148761,33712.80991735537,7.736899377127838,1.9734503314598217,418230.1212099287
246,1016.5289256198348,33850.413223140495,7.9203979803322895,0.880305760482291,187323.24562725646
247,1020.6611570247935,33988.01652892562,6.212968120465284,0.4437961550324178,94820.7773884415
248,1024.7933884297522,34125.61983471075,7.669033123649097,-1.375803676402253,-295142.10437684925
249,1028.925619834711,34263.22314049587,10.25500501433769,-1.1745636436960853,-252987.41885956516
250,1033.0578512396696,34400.826446281,8.916269130266045,1.2543312263967923,271253.44703071134
251,1037.1900826446283,34538.42975206612,9.231595932952104,0.365065295693495,79262.41381484056
252,1041.3223140495868,34676.03305785124,7.298731490856948,-0.4366380502530715,-95179.87779731416
253,1045.4545454545455,34813.63636363636,9.36603055199101,-1.924695432250185,-421216.67914275266
254,1049.5867768595042,34951.239669421484,10.814766787307821,-1.3187409114700495,-289745.1794358272
255,1053.719008264463,35088.842975206615,10.990902873947345,-0.8991823145899294,-198340.29732566295
256,1057.8512396694216,35226.44628099174,12.65220803605635,0.6159882995226924,136406.6211262593
257,1061.9834710743803,35364.04958677686,10.051840854712793,3.0917771257223894,687328.4586543952
258,1066.115702479339,35501.652892561986,9.171487008818008,-0.18416801048854806,-41101.42938208886
259,1070.2479338842977,35639.25619834711,9.701921080246507,1.164868789383216,260975.53489085243
260,1074.3801652892564,35776.85950413223,9.49862815291091,-0.5055994679630981,-113711.13103170064
261,1078.5123966942149,35914.46280991735,11.113746539086467,0.45163701283899477,101965.45385731949
262,1082.6446280991736,36052.06611570248,9.222625917057535,0.513020991080733,116267.7986066935
263,1086.7768595041323,36189.669421487604,10.145896936827079,-0.3052565295980779,-69445.44002002335
264,1090.909090909091,36327.27272727273,10.075855709945856,-0.22445372982319217,-51257.06993780535
265,1095.0413223140497,36464.87603305785,10.530278764288472,-0.9551403786833297,-218945.53969763053
266,1099.1735537190084,36602.479338842975,11.571057061959095,-1.5028646664706589,-345799.6374718879
267,1103.305785123967,36740.0826446281,13.545680834215378,1.109550697078637,256260.36182280656
268,1107.4380165289258,36877.68595041322,10.064352048298744,1.5751429004847453,365155.4417674719
269,1111.5702479338845,37015.28925619835,10.564806898993147,0.7041104586331204,163838.55096117125
270,1115.7024793388432,37152.89256198348,10.74524164677631,-0.8177918805543737,-190998.3350782364
271,1119.8347107438017,37290.49586776859,11.036159262589173,0.6727951569276058,157715.78810908456
272,1123.9669421487604,37428.09917355372,11.097616496046097,-1.1646366226043197,-274020.0679432224
273,1128.099173553719,37565.70247933884,13.228905485892543,-1.4805128348125474,-349621.27059449366
274,1132.2314049586778,37703.305785123965,14.45629336609959,2.3977763678435635,568306.0264016221
275,1136.3636363636365,37840.90909090909,11.082999232014807,1.9979927804939999,475280.1008144819
276,1140.4958677685952,37978.51239669422,10.636636883504153,1.143641476232608,273037.3137636991
277,1144.628099173554,38116.11570247934,12.91222182427445,1.058339202182566,253587.402554918
278,1148.7603305785126,38253.71900826447,10.029597982049125,1.113825806385196,267845.9567244533
279,1152.8925619834713,38391.32231404959,12.701218567702416,-0.3325529951885423,-80257.95508674228
280,1157.0247933884298,38528.92561983471,14.081406276157695,2.05710181439538,498237.99317256693
281,1161.1570247933885,38666.52892561983,9.476535504653032,4.133310397896328,1004679.0899393517
282,1165.2892561983472,38804.13223140496,11.179161748201448,-0.39548395476492787,-96471.93726315384
283,1169.4214876033059,38941.735537190085,10.797696431387788,2.1766158759254806,532833.1679517633
284,1173.5537190082646,39079.33884297521,10.852450604456607,0.6492146423855631,159488.60867596415
285,1177.6859504132233,39216.94214876033,9.688761612758093,0.09576495932488278,23608.832534390527
286,1181.818181818182,39354.545454545456,11.84734944652146,-1.5058011185253921,-372526.0706557971
287,1185.9504132231407,39492.14876033058,13.845600282657312,-0.06487638751272375,-16106.144049233168
288,1190.0826446280994,39629.7520661157,12.575804374113396,1.3930042592508456,347030.74703188014
289,1194.214876033058,39767.355371900834,14.267839967055073,1.387338641877243,346819.37299116346
290,1198.3471074380166,39904.95867768595,11.374412782556497,3.6713599148189493,920975.2998441146
291,1202.4793388429753,40042.561983471074,10.101261417199986,1.9095246939345438,480663.6622137053
292,1206.611570247934,40180.1652892562,10.345863283168622,1.4146261920139696,357311.9732599913
293,1210.7438016528927,40317.76859504132,9.893259258271005,-0.03557898790122729,-9017.460178756786
294,1214.8760330578514,40455.371900826445,10.739585633106646,-1.1649478932186916,-296262.6162820296
295,1219.00826446281,40592.97520661157,12.558935764626089,-1.6078191812086036,-410281.792714471
296,1223.1404958677688,40730.5785123967,14.198700482903435,0.3657769453709774,93655.0204147662
297,1227.2727272727275,40868.18181818182,11.819725730718158,0.7192158296101167,184773.0849525628
298,1231.4049586776862,41005.78512396695,11.794382260250721,0.17719476374404672,45676.221578672026
299,1235.5371900826447,41143.38842975206,13.819526345385444,-0.6297582376329477,-162880.11542260865
300,1239.6694214876034,41280.99173553719,13.306819153582982,-0.5897156343223952,-153033.64394812568
301,1243.801652892562,41418.59504132231,16.451625764726547,2.352224296675489,612446.6313388078
302,1247.9338842975208,41556.198347107435,11.18881251126728,3.407436632903171,890138.845798738
303,1252.0661157024795,41693.801652892565,12.467105852172864,1.3174027964413604,345290.18418463896
304,1256.1983471074382,41831.40495867769,12.03256520029094,1.6419042630667868,431762.020207447
305,1260.3305785123969,41969.00826446281,11.758667298489197,2.0651820715332163,544855.336062634
306,1264.4628099173556,42106.61157024794,9.428464048357785,1.2447614611191755,329481.157658884
307,1268.5950413223143,42244.21487603306,10.935609600328398,-1.7706659917962866,-470216.694978453
308,1272.727272727273,42381.818181818184,13.460621086084835,-1.9248736754924165,-512833.0107554342
309,1276.8595041322315,42519.4214876033,13.518054891666932,0.6043016609623637,161523.34147805593
310,1280.9917355371902,42657.02479338843,12.69859890398294,-0.49895427785985336,-133796.72012914086
311,1285.1239669421489,42794.628099173555,14.740120875276737,-0.7120749164965635,-191561.88400979456
312,1289.2561983471076,42932.23140495868,12.955632834204813,2.096876840968249,565914.133212059
313,1293.3884297520663,43069.8347107438,12.666141482229083,0.09696892885012724,26254.270703163103
314,1297.520661157025,43207.438016528926,12.862745689051042,-0.7771145244344672,-211075.43705548407
315,1301.6528925619837,43345.04132231405,14.105613125706592,-0.5758717197530777,-156913.14545668574
316,1305.7851239669424,43482.64462809918,13.622847067315668,-0.38178785339720084,-104359.55362392252
317,1309.917355371901,43620.247933884304,15.294467276900178,-0.24133955944848604,-66177.567681497
318,1314.0495867768595,43757.85123966942,15.497928747994033,-0.003952124839465972,-1087.1282905519456
319,1318.1818181818182,43895.454545454544,16.799708508937712,3.058414488655638,843937.0404150983
320,1322.314049586777,44033.05785123967,10.938204247536358,3.5323110070780825,977759.2561741206
321,1326.4462809917356,44170.66115702479,12.64115353798157,-0.3097735932455028,-86014.65442861491
322,1330.5785123966944,44308.264462809915,13.949201061494882,-0.29816806352877023,-83050.07318806309
323,1334.710743801653,44445.867768595046,14.403415511713797,0.4747182299625837,132636.01189880216
324,1338.8429752066118,44583.47107438017,14.029983722069172,1.3784609313278198,386333.6124230499
325,1342.9752066115705,44721.07438016529,13.74908557977761,0.06993277166604156,19660.163494544195
326,1347.1074380165292,44858.67768595042,14.477725746065857,2.1372875940902407,602703.3258442244
327,1351.2396694214879,44996.28099173554,12.766980688829516,0.17936835012903954,50736.04257451661
328,1355.3719008264463,45133.88429752066,13.336955356389755,1.1320371777688096,321186.70251450484
329,1359.504132231405,45271.48760330578,12.665603901019772,-1.508748403913611,-429374.0016933871
330,1363.6363636363637,45409.09090909091,15.413508339930434,0.24644515744389767,70348.89039762171
331,1367.7685950413224,45546.694214876035,12.868865034624932,-0.9800283827443282,-280601.29457892297
332,1371.9008264462811,45684.29752066116,15.762943006923596,-2.2549256519570604,-647579.8605102471
333,1376.0330578512398,45821.90082644628,16.403019381381217,0.13786399999528667,39711.66823004729
334,1380.1652892561985,45959.50413223141,17.107224478168018,-0.15793749932063758,-45630.44952824019
335,1384.2975206611573,46097.10743801653,16.25096751318886,1.5447327627649106,447632.0642293139
336,1388.429752066116,46234.710743801654,16.41191806859662,3.207477909291591,932236.2240823692
337,1392.5619834710744,46372.31404958678,13.386718660327379,0.877788484388396,255883.80672454904
338,1396.6942148760331,46509.9173553719,15.255341365428976,1.1609150068974978,339422.1253775352
339,1400.8264462809918,46647.520661157025,15.304412384661173,0.5603669731874975,164321.8259722214
340,1404.9586776859505,46785.12396694215,14.732636388384538,2.2614107918932467,665091.5045248569
341,1409.0909090909092,46922.72727272727,13.820355785961352,-0.1330805503572828,-39254.729611448216
342,1413.223140495868,47060.330578512396,16.36794500160759,-0.03813281026878077,-11281.00889571303
343,1417.3553719008266,47197.93388429753,14.881037541993889,1.2438612159298301,369053.28010488866
344,1421.4876033057853,47335.53719008265,15.53677953602757,0.3346884671044524,99591.48612329074
345,1425.619834710744,47473.140495867774,16.168743901945593,0.7386636978381893,220439.2242060911
346,1429.7520661157027,47610.7438016529,16.12900056032366,1.3147857882945586,393508.5046376696
347,1433.8842975206612,47748.347107438014,15.128982276401123,1.0564040538738735,317090.0079944615
348,1438.01652892562,47885.95041322314,16.036857055391327,1.0051249377056473,302567.5267024008
349,1442.1487603305786,48023.55371900826,15.204419524461137,1.0824405390879341,326777.76561016624
350,1446.2809917355373,48161.15702479339,17.725763686792046,2.368137107285103,716964.925869512
351,1450.413223140496,48298.760330578516,12.596379550763174,0.731950161344933,222234.58700405087
352,1454.5454545454547,48436.36363636364,20.135139624073677,0.011473411391266033,3493.4799290739734
353,1458.6776859504134,48573.96694214876,12.788946558504463,8.11213680376967,2477039.855656854
354,1462.8099173553721,48711.57024793389,11.139743533794455,-1.232962848709189,-377551.5658708503
355,1466.9421487603308,48849.17355371901,15.423630846283459,-1.548004773455453,-475361.13525366224
356,1471.0743801652893,48986.77685950413,15.803239205853938,1.2841227792220284,395439.0654340365
357,1475.206611570248,49124.38016528926,13.226912228537568,0.5928209282974304,183068.9818740644
358,1479.3388429752067,49261.98347107438,15.296287619101125,-2.4324954679297215,-753282.8665039005
359,1483.4710743801654,49399.586776859505,15.975450325433703,-0.2708795550191459,-84118.92209115218
360,1487.6033057851241,49537.19008264463,16.51243997637445,-0.8118914899118799,-252827.03586677383
361,1491.7355371900828,49674.79338842975,16.620910101203798,0.18369768613260312,57363.27138808567
362,1495.8677685950415,49812.396694214876,15.4079741932544,-0.7521557741292045,-235526.28797167612
363,1500.0000000000002,49950.0,16.525079382437298,-1.3022145556828926,-408895.3704844283
364,1504.132231404959,50087.60330578513,17.68372112422399,-2.1048470912224557,-662742.708370143
365,1508.2644628099176,50225.206611570255,19.595825297754534,-0.6984599288587684,-220524.7725798994
366,1512.396694214876,50362.80991735537,18.66038092180574,1.1125948751706396,352242.0204796435
367,1516.5289256198348,50500.413223140495,19.389739538554245,1.8644936804624064,591902.2665265201
368,1520.6611570247935,50638.01652892562,16.106243146669886,3.2937586216621577,1048485.9400834866
369,1524.7933884297522,50775.61983471074,15.812132429170044,0.01097806691435425,3504.090085670991
370,1528.925619834711,50913.223140495866,17.485392254207973,-0.06742589860768161,-21580.00248000124
371,1533.0578512396696,51050.826446281,17.825956200382652,0.11116113166372155,35673.84262268205
372,1537.1900826446283,51188.42975206612,17.438619458399533,1.9878256327266675,639652.7176516161
373,1541.322314049587,51326.033057851244,16.66152659703152,-0.12119635620655052,-39104.021023756504
374,1545.4545454545457,51463.63636363637,18.961353101035616,-0.7491879191685628,-242373.64318313872
375,1549.5867768595042,51601.239669421484,19.033121914427653,2.9267988299569447,949395.4882298354
376,1553.719008264463,51738.84297520661,16.336779661443604,2.7164380415406373,883508.3772354098
377,1557.8512396694216,51876.44628099173,15.439396969843969,-0.6996857031628696,-228174.6395840611
378,1561.9834710743803,52014.04958677686,19.002696832206627,-0.0510730826868972,-16699.631763838024
379,1566.115702479339,52151.652892561986,16.53089777252549,0.2997159518871934,98258.94371979985
380,1570.2479338842977,52289.25619834711,19.68524214098707,-1.9725987408425267,-648403.5310119293
381,1574.3801652892564,52426.85950413223,22.409960120355084,4.180844660861707,1377882.0114532493
382,1578.512396694215,52564.46280991736,14.112495154970926,4.462426189127491,1474542.9656569266
383,1582.6446280991738,52702.06611570248,15.12323027957887,-1.7752190744661942,-588130.5684117175
384,1586.7768595041325,52839.66942148761,19.443967537685353,-1.5114100429843806,-502037.95411263016
385,1590.909090909091,52977.27272727273,20.941666481807335,0.9036202577166682,300932.9282517026
386,1595.0413223140497,53114.87603305785,17.617411188953334,2.2194609812096027,741067.6274560019
387,1599.1735537190084,53252.479338842975,20.315751972989574,2.805076023225624,939028.1768328691
388,1603.305785123967,53390.0826446281,14.89562205060619,2.3609906754685572,792408.3084674525
389,1607.4380165289258,53527.68595041322,18.1027344587664,-0.39037949764294333,-131358.93696720377
390,1611.5702479338845,53665.289256198346,18.874452857099516,1.6097348319408407,543052.6928911168
391,1615.7024793388432,53802.89256198348,16.686870995508357,2.951314768191621,998194.8191458903
392,1619.834710743802,53940.4958677686,15.146683193234162,-0.8688878765653477,-294627.19270158553
393,1623.9669421487606,54078.099173553725,17.580291167659873,-1.308804352350651,-444928.5804098488
394,1628.099173553719,54215.70247933884,19.484901700931516,-2.6391553249083244,-899464.8489706841
395,1632.2314049586778,54353.305785123965,21.089211183973813,-0.47505461741899163,-162316.87107018605
396,1636.3636363636365,54490.90909090909,22.858489602830183,3.0136460027523078,1032310.7398518816
397,1640.4958677685952,54628.51239669421,17.054530437381782,4.6020876621828775,1580405.0793178875
398,1644.628099173554,54766.11570247934,16.00850274990785,1.8025811164588341,620584.4828818002
399,1648.7603305785126,54903.71900826447,17.347065473467854,-0.6644330956112102,-229322.7680902096
400,1652.8925619834713,55041.32231404959,16.859311111773845,1.05488506526015,364996.04461893905
401,1657.02479338843,55178.925619834714,17.216251820189754,-1.9638661992569904,-681207.2964552196
402,1661.1570247933887,55316.52892561984,19.424146209790212,-1.5548714886389772,-540684.0723634183
403,1665.2892561983472,55454.132231404954,20.42052119487659,-0.9086388705644964,-316752.0109062604
404,1669.4214876033059,55591.73553719008,19.764046337814253,1.838856157768173,642616.9056469403
405,1673.5537190082646,55729.33884297521,17.544207913532663,0.7842914563095141,274761.2796112423
406,1677.6859504132233,55866.94214876033,18.65558144502238,-1.5468482437430742,-543246.2851386835
407,1681.818181818182,56004.545454545456,18.72383078358655,0.007476031461265776,2632.0161671813876
408,1685.9504132231407,56142.14876033058,18.514134645712904,-1.1131687776304644,-392865.78082587896
409,1690.0826446280994,56279.7520661157,18.400038135953594,-1.2736151513921934,-450593.11138483154
410,1694.214876033058,56417.35537190083,18.928743988718516,-2.8820939472333635,-1022150.8946744442
411,1698.3471074380168,56554.95867768596,20.62160508787115,-3.533725447119246,-1256312.4073072379
412,1702.4793388429755,56692.56198347108,23.019814569485252,-2.6254002494962587,-935655.0398810799
413,1706.611570247934,56830.1652892562,21.679205719295634,-0.7493371503460147,-267701.2130335313
414,1710.7438016528927,56967.76859504132,22.38975504555125,-2.877419453687516,-1030449.0889850204
415,1714.8760330578514,57105.371900826445,26.216630740888164,1.7342287520204662,622554.6795476226
416,1719.00826446281,57242.97520661157,19.619213272383764,1.0848698184086516,390385.77179011493
417,1723.1404958677688,57380.57851239669,22.850769540616778,-0.518725897605948,-187110.00435462155
418,1727.2727272727275,57518.18181818182,21.41131819525044,1.6962380203225391,613318.5472269255
419,1731.4049586776862,57655.78512396695,22.62352598027511,-0.03659083654897714,-13262.011023148012
420,1735.5371900826449,57793.38842975207,20.258652378733633,1.3632039231765456,495259.871593727
421,1739.6694214876036,57930.991735537194,22.189561572772654,-0.5232518447151542,-190553.04231480745
422,1743.801652892562,58068.59504132231,20.846826735446886,0.4799640190560601,175204.05574953285
423,1747.9338842975208,58206.198347107435,22.963567476544437,-2.2536416497139,-824609.3421440762
424,1752.0661157024795,58343.80165289256,22.727493365751446,1.8212722773377807,667980.4570678865
425,1756.1983471074382,58481.40495867769,23.949212487276718,-0.6403860766977556,-235425.68026257714
426,1760.3305785123969,58619.00826446281,20.833131955048547,2.772343097171099,1021596.9753443388
427,1764.4628099173556,58756.61157024794,21.862340058063126,-2.61451030584254,-965697.8313684742
428,1768.5950413223143,58894.21487603306,26.772580634901317,-0.8150406181203764,-301749.1425631781
429,1772.727272727273,59031.818181818184,23.657353444615957,3.855624908777089,1430787.3525116434
430,1776.8595041322317,59169.42148760331,25.61035383423958,1.7688495667689486,657934.0730169242
431,1780.9917355371904,59307.02479338843,21.119405544693503,7.468779628990061,2784517.416831243
432,1785.1239669421489,59444.628099173555,17.75349404758909,0.9869385762308049,368805.0798582817
433,1789.2561983471076,59582.23140495868,21.523863402850022,-0.579556245069667,-217073.35039163104
434,1793.3884297520663,59719.8347107438,20.97163518522405,0.985869312607564,370111.0921347339
435,1797.520661157025,59857.438016528926,22.174005877080003,0.4068484931224736,153089.3544782333
436,1801.6528925619837,59995.04132231405,20.72592547698362,-0.5591002842319805,-210862.43887739687
437,1805.7851239669424,60132.64462809917,23.392835145665966,-0.5496570931865749,-207776.4380519984
438,1809.917355371901,60270.2479338843,23.766163182034518,0.9050004858398235,342882.9939904205
439,1814.0495867768598,60407.85123966943,19.86369412210645,1.7431055419238526,661928.7232287478
440,1818.1818181818185,60545.45454545455,21.817467656065343,-2.627087143618011,-999885.2886012797
441,1822.314049586777,60683.05785123967,23.017717603745094,-1.2164036517984504,-464022.8079315114
442,1826.4462809917356,60820.66115702479,25.310057202808164,-3.3966492866965843,-1298661.6011075636
443,1830.5785123966944,60958.264462809915,28.071804532146874,1.7463598353660281,669207.013275717
444,1834.710743801653,61095.86776859504,23.08841648926045,5.402378496178907,2074870.5245820347
445,1838.8429752066118,61233.47107438017,19.81903938364471,-0.6249030136144931,-240544.62284394808
446,1842.9752066115705,61371.07438016529,24.585833560839855,-2.9940352080022055,-1155087.2360040247
447,1847.1074380165292,61508.67768595042,27.312876561785252,4.290413375929567,1658936.2000515766
448,1851.2396694214879,61646.28099173554,20.751097520061222,1.1083093594184548,429498.88211601344
449,1855.3719008264466,61783.884297520664,23.864629411395214,1.6078971510192543,624493.0791559246
450,1859.5041322314053,61921.48760330579,20.036390484736938,1.0500948647013775,408755.93493747833
451,1863.6363636363637,62059.090909090904,21.30628486159186,-2.1316618705949177,-831606.5127890598
452,1867.7685950413224,62196.694214876035,23.97913608740472,-2.724830863874241,-1065371.3356692654
453,1871.9008264462811,62334.29752066116,23.998648448670036,-1.2842223502950372,-503224.1199742884
454,1876.0330578512398,62471.90082644628,24.240013860547784,-2.6864420397171753,-1055009.4529309138
455,1880.1652892561985,62609.50413223141,25.885564337045682,-3.089054435476746,-1215793.9592191812
456,1884.2975206611573,62747.10743801653,27.826243286943523,-0.1950554508547195,-76938.89717681035
457,1888.429752066116,62884.710743801654,26.04520786781715,-0.9412385114452126,-372082.21464287915
458,1892.5619834710747,63022.31404958678,25.882129704556046,-0.5268976859015413,-208744.38017871205
459,1896.6942148760334,63159.91735537191,28.776797674404314,-2.050779467699549,-814244.1916299319
460,1900.8264462809918,63297.520661157025,28.006265942916404,2.775838715140131,1104523.8127130594
461,1904.9586776859505,63435.12396694215,26.19345847976838,0.056766097177082406,22636.693197717323
462,1909.0909090909092,63572.72727272727,30.146544201249906,2.72789952808772,1090167.8477703289
463,1913.223140495868,63710.330578512396,23.798732381113226,4.267275735911478,1709049.810022817
464,1917.3553719008266,63847.93388429752,23.61338783439013,-0.5306880047476435,-213000.32931050324
465,1921.4876033057853,63985.53719008264,29.462700973012154,0.6197430157194155,249280.10392614835
466,1925.619834710744,64123.140495867774,23.775588514678663,3.8336627120873628,1545335.709871822
467,1929.7520661157027,64260.7438016529,23.69835899940638,-0.07531803424513452,-30425.58100726732
468,1933.8842975206614,64398.34710743802,26.235705869749033,-2.7180613370517617,-1100343.1118524258
469,1938.0165289256202,64535.950413223145,31.335040076149483,-0.3693723515332315,-149851.20859750107
470,1942.1487603305786,64673.55371900826,27.092278723795637,6.31964711230749,2569293.4458246273
471,1946.2809917355373,64811.157024793385,23.52724535768291,0.016016813911919347,6525.5941506595045
472,1950.413223140496,64948.76033057851,30.055767565723247,1.6687731503930856,681337.5511665522
473,1954.5454545454547,65086.36363636364,23.877031771557895,4.2847279780697285,1753102.9442393174
474,1958.6776859504134,65223.96694214876,23.245943996248062,0.6982984577762209,286313.9098115196
475,1962.8099173553721,65361.57024793389,26.449477271976765,-0.207945453392124,-85440.94868714959
476,1966.9421487603308,65499.17355371901,24.33962828560277,0.8784722287078275,361707.91512833815
477,1971.0743801652895,65636.77685950414,24.94193473555871,-3.157771389786116,-1302933.0116236503
478,1975.2066115702482,65774.38016528926,30.686381357838705,-2.3281713401174557,-962644.3327297777
479,1979.3388429752067,65911.98347107437,28.596929620480584,3.662154781115928,1517383.063384359
480,1983.4710743801654,66049.5867768595,26.726287403994547,-0.3220679688957635,-133724.750060522
481,1987.6033057851241,66187.19008264462,27.82219916559633,0.9098505274764582,378562.9877875466
482,1991.7355371900828,66324.79338842975,27.38514950382499,0.4987514192716917,207947.74050669975
483,1995.8677685950415,66462.39669421488,29.49657859673749,2.517568732898064,1051844.3778754442
484,2000.0000000000002,66600.0,25.828997903545755,-0.10944890898711779,-45822.60989593999
485,2004.132231404959,66737.60330578513,29.02647731809571,2.5998777264477617,1090731.0715171618
486,2008.2644628099176,66875.20661157025,25.15374408645314,2.053618429178437,863334.3988053614
487,2012.3966942148763,67012.80991735538,27.34759208754243,-2.147471491100367,-904647.508198584
488,2016.528925619835,67150.4132231405,29.135808660951536,3.253787106367751,1373510.4845260147
489,2020.6611570247935,67288.01652892561,26.338922990561976,0.7461998191894053,315636.3565764639
490,2024.7933884297522,67425.61983471074,25.182249636831667,0.09617563005977826,40764.689920103265
491,2028.925619834711,67563.22314049587,28.738666612492015,-0.8621073150872902,-366155.73883269395
492,2033.0578512396696,67700.82644628099,26.96195575893557,0.8722736346017573,371228.12468968675
493,2037.1900826446283,67838.42975206612,26.215105352315096,-1.5600610437943465,-665290.825623836
494,2041.322314049587,67976.03305785124,29.1492534853984,-1.6034333846592994,-685174.0300132559
495,2045.4545454545457,68113.63636363637,28.646123969380174,-0.6678093146676788,-285943.8065531607
496,2049.5867768595044,68251.2396694215,28.197841440722595,-1.5437702262033195,-662349.7248204129
497,2053.719008264463,68388.84297520661,30.573611772641303,-1.6626745706997381,-714803.4935379057
498,2057.851239669422,68526.44628099175,30.9989352110419,-0.6471181268381868,-278763.51440755086
499,2061.9834710743803,68664.04958677686,29.752217593230146,0.8396727008253039,362437.8975248308
500,2066.1157024793392,68801.652892562,29.783244782054048,0.0,0.0
